Date;Name;Year;Letterboxd URI;Rating;Rewatch;Tags;Watched Date
2025-03-14;Arrival;2016;https://boxd.it/97aTDd;;;;2023-07-14
2025-03-14;Prisoners;2013;https://boxd.it/97aTDn;5;;;2023-07-14
2025-03-14;Blade Runner 2049;2017;https://boxd.it/97aTDx;4;;;2023-07-14
2025-03-14;Drive;2011;https://boxd.it/97aTDH;;;;2023-07-14
2025-03-14;Blade Runner;1982;https://boxd.it/97aTDR;;;;2023-07-14
2025-03-14;Pulp Fiction;1994;https://boxd.it/97aTE1;;;;2023-07-14
2025-03-14;The Hateful Eight;2015;https://boxd.it/97aTEb;;;;2023-07-14
2025-03-14;Django Unchained;2012;https://boxd.it/97aTEl;;;;2023-07-14
2025-03-14;Inglourious Basterds;2009;https://boxd.it/97aTEv;;;;2023-07-14
2025-03-14;Reservoir Dogs;1992;https://boxd.it/97aTEF;;;;2023-07-14
2025-03-14;Kill Bill: Vol. 2;2004;https://boxd.it/97aTEP;;;;2023-07-14
2025-03-14;Kill Bill: Vol. 1;2003;https://boxd.it/97aTEZ;;;;2023-07-14
2025-03-14;Guillermo del Toro's Pinocchio;2022;https://boxd.it/97aTF9;;;;2023-07-14
2025-03-14;Crimson Peak;2015;https://boxd.it/97aTFj;;;;2023-07-14
2025-03-14;Pacific Rim;2013;https://boxd.it/97aTFt;;;;2023-07-14
2025-03-14;Hellboy II: The Golden Army;2008;https://boxd.it/97aTFD;;;;2023-07-14
2025-03-14;Hellboy;2004;https://boxd.it/97aTFX;;;;2023-07-14
2025-03-14;Pan's Labyrinth;2006;https://boxd.it/97aTG7;;;;2023-07-14
2025-03-14;A Clockwork Orange;1971;https://boxd.it/97aTGh;;;;2023-07-14
2025-03-14;Child's Play;1988;https://boxd.it/97aTGr;;;;2023-07-14
2025-03-14;Child's Play 2;1990;https://boxd.it/97aTGB;;;;2023-07-14
2025-03-14;Child's Play 3;1991;https://boxd.it/97aTGL;;;;2023-07-14
2025-03-14;Bride of Chucky;1998;https://boxd.it/97aTGV;;;;2023-07-14
2025-03-14;Seed of Chucky;2004;https://boxd.it/97aTId;;;;2023-07-14
2025-03-14;The Gray Man;2022;https://boxd.it/97aTIn;;;;2023-07-14
2025-03-14;La La Land;2016;https://boxd.it/97aTIx;;;;2023-07-14
2025-03-14;BlacKkKlansman;2018;https://boxd.it/97aTIH;;;;2023-07-14
2025-03-14;Joker;2019;https://boxd.it/97aTIR;;;;2023-07-14
2025-03-14;Marriage Story;2019;https://boxd.it/97aTJ1;;;;2023-07-14
2025-03-14;Interstellar;2014;https://boxd.it/97aTJb;;;;2023-07-14
2025-03-14;Little Miss Sunshine;2006;https://boxd.it/97aTJl;;;;2023-07-14
2025-03-14;Moonlight;2016;https://boxd.it/97aTJv;;;;2023-07-14
2025-03-14;The Pursuit of Happyness;2006;https://boxd.it/97aTJP;;;;2023-07-14
2025-03-14;The Wolf of Wall Street;2013;https://boxd.it/97aTJZ;;;;2023-07-14
2025-03-14;The Danish Girl;2015;https://boxd.it/97aTK9;;;;2023-07-14
2025-03-14;What We Do in the Shadows;2014;https://boxd.it/97aTKj;;;;2023-07-14
2025-03-14;Hulk;2003;https://boxd.it/97aTKD;;;;2023-07-25
2025-03-14;Rat Race;2001;https://boxd.it/97aTKN;;;;2023-07-31
2025-03-14;Dunkirk;2017;https://boxd.it/97aTL7;;;;2023-07-31
2025-03-14;Dune;2021;https://boxd.it/97aTLh;;;;2023-08-06
2025-03-14;Titan A.E.;2000;https://boxd.it/97aTLr;;;;2023-08-10
2025-03-14;The Road to El Dorado;2000;https://boxd.it/97aTLL;;;;2023-08-10
2025-03-14;Forrest Gump;1994;https://boxd.it/97aTM5;;;;2023-08-10
2025-03-14;Fight Club;1999;https://boxd.it/97aTMf;;;;2023-08-10
2025-03-14;The Matrix;1999;https://boxd.it/97aTMp;;;;2023-08-10
2025-03-14;The Matrix Reloaded;2003;https://boxd.it/97aTMz;;;;2023-08-10
2025-03-14;The Matrix Revolutions;2003;https://boxd.it/97aTMJ;;;;2023-08-10
2025-03-14;The Matrix Resurrections;2021;https://boxd.it/97aTMT;;;;2023-08-10
2025-03-14;Spider-Man;2002;https://boxd.it/97aTOl;;;;2023-08-10
2025-03-14;Spider-Man 2;2004;https://boxd.it/97aTOv;;;;2023-08-10
2025-03-14;Spider-Man 3;2007;https://boxd.it/97aTOF;;;;2023-08-10
2025-03-14;The Amazing Spider-Man;2012;https://boxd.it/97aTOP;;;;2023-08-10
2025-03-14;The Amazing Spider-Man 2;2014;https://boxd.it/97aTOZ;;;;2023-08-10
2025-03-14;El Camino: A Breaking Bad Movie;2019;https://boxd.it/97aTP9;;;;2023-08-10
2025-03-14;The Godfather;1972;https://boxd.it/97aTPj;;;;2023-08-10
2025-03-14;The Godfather Part II;1974;https://boxd.it/97aTPt;;;;2023-08-10
2025-03-14;The Lord of the Rings: The Return of the King;2003;https://boxd.it/97aTPD;;;;2023-08-10
2025-03-14;The Lord of the Rings: The Fellowship of the Ring;2001;https://boxd.it/97aTPN;;;;2023-08-10
2025-03-14;The Lord of the Rings: The Two Towers;2002;https://boxd.it/97aTPX;;;;2023-08-10
2025-03-14;The Silence of the Lambs;1991;https://boxd.it/97aTQ7;;;;2023-08-10
2025-03-14;City of God;2002;https://boxd.it/97aTQL;;;;2023-08-10
2025-03-14;The Intouchables;2011;https://boxd.it/97aTRf;;;;2023-08-10
2025-03-14;Inception;2010;https://boxd.it/97aTRp;;;;2023-08-10
2025-03-14;The Empire Strikes Back;1980;https://boxd.it/97aTRz;;;;2023-08-10
2025-03-14;Star Wars;1977;https://boxd.it/97aTRJ;;;;2023-08-10
2025-03-14;Return of the Jedi;1983;https://boxd.it/97aTRT;;;;2023-08-10
2025-03-14;Star Wars: Episode III âÂ Revenge of the Sith;2005;https://boxd.it/97aTS3;;;;2023-08-10
2025-03-14;Star Wars: Episode II âÂ Attack of the Clones;2002;https://boxd.it/97aTSd;;;;2023-08-10
2025-03-14;Star Wars: Episode I â The Phantom Menace;1999;https://boxd.it/97aTSn;;;;2023-08-10
2025-03-14;Avengers: Infinity War;2018;https://boxd.it/97aTSx;;;;2023-08-10
2025-03-14;Back to the Future;1985;https://boxd.it/97aTSH;;;;2023-08-10
2025-03-14;Back to the Future Part II;1989;https://boxd.it/97aTSR;;;;2023-08-10
2025-03-14;Back to the Future Part III;1990;https://boxd.it/97aTT1;;;;2023-08-10
2025-03-14;Raiders of the Lost Ark;1981;https://boxd.it/97aTTZ;;;;2023-08-10
2025-03-14;Indiana Jones and the Temple of Doom;1984;https://boxd.it/97aTU9;;;;2023-08-10
2025-03-14;Indiana Jones and the Last Crusade;1989;https://boxd.it/97aTUt;;;;2023-08-10
2025-03-14;Indiana Jones and the Kingdom of the Crystal Skull;2008;https://boxd.it/97aTUD;;;;2023-08-10
2025-03-14;Pacific Rim: Uprising;2018;https://boxd.it/97aTUX;;;;2023-08-10
2025-03-14;Godzilla;2014;https://boxd.it/97aTV7;;;;2023-08-10
2025-03-14;Kong: Skull Island;2017;https://boxd.it/97aTVh;;;;2023-08-10
2025-03-14;Godzilla: King of the Monsters;2019;https://boxd.it/97aTVr;;;;2023-08-10
2025-03-14;Godzilla vs. Kong;2021;https://boxd.it/97aTVB;;;;2023-08-10
2025-03-14;Jumanji;1995;https://boxd.it/97aTVL;;;;2023-08-10
2025-03-14;Jumanji: Welcome to the Jungle;2017;https://boxd.it/97aTVV;;;;2023-08-10
2025-03-14;Jumanji: The Next Level;2019;https://boxd.it/97aTW5;;;;2023-08-10
2025-03-14;Jungle Cruise;2021;https://boxd.it/97aTWf;;;;2023-08-10
2025-03-14;Cruella;2021;https://boxd.it/97aTWp;;;;2023-08-10
2025-03-14;Enola Holmes;2020;https://boxd.it/97aTWz;;;;2023-08-10
2025-03-14;Enola Holmes 2;2022;https://boxd.it/97aTWJ;;;;2023-08-10
2025-03-14;Knives Out;2019;https://boxd.it/97aTWT;;;;2023-08-10
2025-03-14;Glass Onion;2022;https://boxd.it/97aTX3;;;;2023-08-10
2025-03-14;Don't Look Up;2021;https://boxd.it/97aTXd;;;;2023-08-10
2025-03-14;The Revenant;2015;https://boxd.it/97aTXx;;;;2023-08-10
2025-03-14;The Martian;2015;https://boxd.it/97aTXH;;;;2023-08-10
2025-03-14;Gravity;2013;https://boxd.it/97aTY1;;;;2023-08-10
2025-03-14;Life of Pi;2012;https://boxd.it/97aTYl;;;;2023-08-10
2025-03-14;Slumdog Millionaire;2008;https://boxd.it/97aTYF;;;;2023-08-10
2025-03-14;The Imitation Game;2014;https://boxd.it/97aTYP;;;;2023-08-10
2025-03-14;The Curious Case of Benjamin Button;2008;https://boxd.it/97aTZD;;;;2023-08-10
2025-03-14;Mr. & Mrs. Smith;2005;https://boxd.it/97aTZN;;;;2023-08-10
2025-03-14;Now You See Me;2013;https://boxd.it/97aTZX;;;;2023-08-10
2025-03-14;Now You See Me 2;2016;https://boxd.it/97aU07;;;;2023-08-10
2025-03-14;I Am Legend;2007;https://boxd.it/97aU0h;;;;2023-08-10
2025-03-14;Hancock;2008;https://boxd.it/97aU0r;;;;2023-08-10
2025-03-14;Real Steel;2011;https://boxd.it/97aU0B;;;;2023-08-10
2025-03-14;Limitless;2011;https://boxd.it/97aU0L;;;;2023-08-10
2025-03-14;Kick-Ass;2010;https://boxd.it/97aU0V;;;;2023-08-10
2025-03-14;Kick-Ass 2;2013;https://boxd.it/97aU15;;;;2023-08-10
2025-03-14;The Interview;2014;https://boxd.it/97aU1f;;;;2023-08-10
2025-03-14;Pineapple Express;2008;https://boxd.it/97aU1p;;;;2023-08-10
2025-03-14;Superbad;2007;https://boxd.it/97aU1z;;;;2023-08-10
2025-03-14;The 40 Year Old Virgin;2005;https://boxd.it/97aU1J;;;;2023-08-10
2025-03-14;Borat: Cultural Learnings of America for Make Benefit Glorious Nation of Kazakhstan;2006;https://boxd.it/97aU1T;;;;2023-08-10
2025-03-14;Borat Subsequent Moviefilm;2020;https://boxd.it/97aU23;;;;2023-08-10
2025-03-14;The Dictator;2012;https://boxd.it/97aU2d;;;;2023-08-10
2025-03-14;Hacksaw Ridge;2016;https://boxd.it/97aU2n;;;;2023-08-10
2025-03-14;The Boy in the Striped Pyjamas;2008;https://boxd.it/97aU2x;;;;2023-08-10
2025-03-14;Nightcrawler;2014;https://boxd.it/97aU2H;;;;2023-08-10
2025-03-14;American Psycho;2000;https://boxd.it/97aU2R;;;;2023-08-10
2025-03-14;The Truman Show;1998;https://boxd.it/97aU31;;;;2023-08-10
2025-03-14;Eternal Sunshine of the Spotless Mind;2004;https://boxd.it/97aU3l;;;;2023-08-10
2025-03-14;Good Will Hunting;1997;https://boxd.it/97aU3v;;;;2023-08-10
2025-03-14;A Beautiful Mind;2001;https://boxd.it/97aU3F;;;;2023-08-10
2025-03-14;V for Vendetta;2005;https://boxd.it/97aU5B;;;;2023-08-10
2025-03-14;Catch Me If You Can;2002;https://boxd.it/97aU5L;;;;2023-08-10
2025-03-14;American History X;1998;https://boxd.it/97aU5V;;;;2023-08-10
2025-03-14;Gladiator;2000;https://boxd.it/97aU65;;;;2023-08-10
2025-03-14;1917;2019;https://boxd.it/97aU6f;;;;2023-08-10
2025-03-14;Dead Poets Society;1989;https://boxd.it/97aU6p;;;;2023-08-10
2025-03-14;Into the Wild;2007;https://boxd.it/97aU6z;;;;2023-08-10
2025-03-14;Gran Torino;2008;https://boxd.it/97aU6J;;;;2023-08-10
2025-03-14;No Country for Old Men;2007;https://boxd.it/97aU6T;;;;2023-08-10
2025-03-14;Trainspotting;1996;https://boxd.it/97aU73;;;;2023-08-10
2025-03-14;Rocky;1976;https://boxd.it/97aU7d;;;;2023-08-10
2025-03-14;Rocky II;1979;https://boxd.it/97aU7n;;;;2023-08-10
2025-03-14;Rocky III;1982;https://boxd.it/97aU7x;;;;2023-08-10
2025-03-14;The Nice Guys;2016;https://boxd.it/97aU7R;;;;2023-08-10
2025-03-14;Uncut Gems;2019;https://boxd.it/97aU81;;;;2023-08-10
2025-03-14;The Irishman;2019;https://boxd.it/97aU8b;;;;2023-08-10
2025-03-14;About Time;2013;https://boxd.it/97aU8v;;;;2023-08-10
2025-03-14;(500) Days of Summer;2009;https://boxd.it/97aU8F;;;;2023-08-10
2025-03-14;Her;2013;https://boxd.it/97aU8P;;;;2023-08-10
2025-03-14;Dallas Buyers Club;2013;https://boxd.it/97aU8Z;;;;2023-08-10
2025-03-14;Midsommar;2019;https://boxd.it/97aU9j;;;;2023-08-10
2025-03-14;Hereditary;2018;https://boxd.it/97aU9D;;;;2023-08-10
2025-03-14;The Witch;2015;https://boxd.it/97aU9N;;;;2023-08-10
2025-03-14;The Lighthouse;2019;https://boxd.it/97aU9X;;;;2023-08-10
2025-03-14;The Conjuring;2013;https://boxd.it/97aUa7;;;;2023-08-10
2025-03-14;A Quiet Place;2018;https://boxd.it/97aUbJ;;;;2023-08-10
2025-03-14;A Quiet Place Part II;2020;https://boxd.it/97aUc3;;;;2023-08-10
2025-03-14;Bird Box;2018;https://boxd.it/97aUcd;;;;2023-08-10
2025-03-14;Split;2016;https://boxd.it/97aUcn;;;;2023-08-10
2025-03-14;The Platform;2019;https://boxd.it/97aUcH;;;;2023-08-10
2025-03-14;The Invisible Man;2020;https://boxd.it/97aUcR;;;;2023-08-10
2025-03-14;White Chicks;2004;https://boxd.it/97aUd1;;;;2023-08-10
2025-03-14;Top Gun;1986;https://boxd.it/97aUdl;;;;2023-08-10
2025-03-14;The Last Samurai;2003;https://boxd.it/97aUdv;;;;2023-08-10
2025-03-14;Zathura: A Space Adventure;2005;https://boxd.it/97aUdF;;;;2023-08-12
2025-03-14;Monster House;2006;https://boxd.it/97aUdP;;;;2023-08-12
2025-03-14;Coraline;2009;https://boxd.it/97aUdZ;;;;2023-08-12
2025-03-14;Corpse Bride;2005;https://boxd.it/97aUe9;;;;2023-08-12
2025-03-14;Rango;2011;https://boxd.it/97aUej;;;;2023-08-12
2025-03-14;Megamind;2010;https://boxd.it/97aUet;;;;2023-08-12
2025-03-14;Kung Fu Panda;2008;https://boxd.it/97aUeD;;;;2023-08-12
2025-03-14;Shrek 2;2004;https://boxd.it/97aUeN;;;;2023-08-12
2025-03-14;Shrek;2001;https://boxd.it/97aUeX;;;;2023-08-12
2025-03-14;Shrek the Third;2007;https://boxd.it/97aUf7;;;;2023-08-12
2025-03-14;Madagascar;2005;https://boxd.it/97aUfh;;;;2023-08-12
2025-03-14;Ice Age;2002;https://boxd.it/97aUfr;;;;2023-08-12
2025-03-14;Ice Age: The Meltdown;2006;https://boxd.it/97aUfB;;;;2023-08-12
2025-03-14;Ice Age: Dawn of the Dinosaurs;2009;https://boxd.it/97aUfV;;;;2023-08-12
2025-03-14;Ice Age: Continental Drift;2012;https://boxd.it/97aUg5;;;;2023-08-12
2025-03-14;Ice Age: Collision Course;2016;https://boxd.it/97aUgf;;;;2023-08-12
2025-03-14;Spider-Man: No Way Home;2021;https://boxd.it/97aUhx;;;;2023-08-12
2025-03-14;Spider-Man: Homecoming;2017;https://boxd.it/97aUhH;;;;2023-08-12
2025-03-14;Spider-Man: Far From Home;2019;https://boxd.it/97aUhR;;;;2023-08-12
2025-03-14;Avengers: Endgame;2019;https://boxd.it/97aUi1;;;;2023-08-12
2025-03-14;The Avengers;2012;https://boxd.it/97aUib;;;;2023-08-12
2025-03-14;Avengers: Age of Ultron;2015;https://boxd.it/97aUil;;;;2023-08-12
2025-03-14;Thor: Ragnarok;2017;https://boxd.it/97aUiv;;;;2023-08-12
2025-03-14;Thor: Love and Thunder;2022;https://boxd.it/97aUiF;;;;2023-08-12
2025-03-14;Thor;2011;https://boxd.it/97aUiP;;;;2023-08-12
2025-03-14;Thor: The Dark World;2013;https://boxd.it/97aUiZ;;;;2023-08-12
2025-03-14;Captain America: The Winter Soldier;2014;https://boxd.it/97aUj9;;;;2023-08-12
2025-03-14;Captain America: Civil War;2016;https://boxd.it/97aUjj;;;;2023-08-12
2025-03-14;Captain America: The First Avenger;2011;https://boxd.it/97aUjt;;;;2023-08-12
2025-03-14;Iron Man 3;2013;https://boxd.it/97aUjD;;;;2023-08-12
2025-03-14;Iron Man;2008;https://boxd.it/97aUjN;;;;2023-08-12
2025-03-14;Iron Man 2;2010;https://boxd.it/97aUjX;;;;2023-08-12
2025-03-14;Guardians of the Galaxy;2014;https://boxd.it/97aUk7;;;;2023-08-12
2025-03-14;Guardians of the Galaxy Vol. 2;2017;https://boxd.it/97aUkh;;;;2023-08-12
2025-03-14;Doctor Strange;2016;https://boxd.it/97aUkr;;;;2023-08-12
2025-03-14;Doctor Strange in the Multiverse of Madness;2022;https://boxd.it/97aUkB;;;;2023-08-12
2025-03-14;Black Panther;2018;https://boxd.it/97aUkL;;;;2023-08-12
2025-03-14;Black Panther: Wakanda Forever;2022;https://boxd.it/97aUkV;;;;2023-08-12
2025-03-14;Shang-Chi and the Legend of the Ten Rings;2021;https://boxd.it/97aUl5;;;;2023-08-12
2025-03-14;Black Widow;2021;https://boxd.it/97aUlf;;;;2023-08-12
2025-03-14;Captain Marvel;2019;https://boxd.it/97aUlp;;;;2023-08-12
2025-03-14;Ant-Man and the Wasp;2018;https://boxd.it/97aUmx;;;;2023-08-12
2025-03-14;Ant-Man and the Wasp: Quantumania;2023;https://boxd.it/97aUmH;;;;2023-08-12
2025-03-14;Ant-Man;2015;https://boxd.it/97aUmR;;;;2023-08-12
2025-03-14;Thelma & Louise;1991;https://boxd.it/97aUn1;;;;2023-08-12
2025-03-14;Little Nicky;2000;https://boxd.it/97aUnb;;;;2023-08-12
2025-03-14;Hubie Halloween;2020;https://boxd.it/97aUnl;;;;2023-08-12
2025-03-14;Hotel Transylvania 3: Summer Vacation;2018;https://boxd.it/97aUnv;;;;2023-08-12
2025-03-14;Hotel Transylvania: Transformania;2022;https://boxd.it/97aUnF;;;;2023-08-12
2025-03-14;Hotel Transylvania;2012;https://boxd.it/97aUnZ;;;;2023-08-12
2025-03-14;Hotel Transylvania 2;2015;https://boxd.it/97aUo9;;;;2023-08-12
2025-03-14;Pixels;2015;https://boxd.it/97aUoj;;;;2023-08-12
2025-03-14;Grown Ups 2;2013;https://boxd.it/97aUot;;;;2023-08-12
2025-03-14;Jack and Jill;2011;https://boxd.it/97aUoD;;;;2023-08-12
2025-03-14;Zookeeper;2011;https://boxd.it/97aUoN;;;;2023-08-12
2025-03-14;Grown Ups;2010;https://boxd.it/97aUoX;;;;2023-08-12
2025-03-14;You Don't Mess with the Zohan;2008;https://boxd.it/97aUp7;;;;2023-08-12
2025-03-14;I Now Pronounce You Chuck & Larry;2007;https://boxd.it/97aUph;;;;2023-08-12
2025-03-14;Click;2006;https://boxd.it/97aUpr;;;;2023-08-12
2025-03-14;The Longest Yard;2005;https://boxd.it/97aUpB;;;;2023-08-12
2025-03-14;50 First Dates;2004;https://boxd.it/97aUpV;;;;2023-08-12
2025-03-14;Mr. Deeds;2002;https://boxd.it/97aUq5;;;;2023-08-12
2025-03-14;The Harder They Fall;2021;https://boxd.it/97aUqp;;;;2023-08-12
2025-03-14;Jim & Andy: The Great Beyond;2017;https://boxd.it/97aUqz;;;;2023-08-12
2025-03-14;High Plains Drifter;1973;https://boxd.it/97aUqT;;;;2023-08-12
2025-03-14;Don't F**k with Cats: Hunting an Internet Killer;2019;https://boxd.it/97aUr3;;;;2023-08-12
2025-03-14;G.I. Joe: Retaliation;2013;https://boxd.it/97aUsb;;;;2023-08-12
2025-03-14;Dear John;2010;https://boxd.it/97aUsl;;;;2023-08-12
2025-03-14;G.I. Joe: The Rise of Cobra;2009;https://boxd.it/97aUsF;;;;2023-08-12
2025-03-14;Step Up 2: The Streets;2008;https://boxd.it/97aUsP;;;;2023-08-12
2025-03-14;Step Up;2006;https://boxd.it/97aUsZ;;;;2023-08-12
2025-03-14;Harry Potter and the Philosopher's Stone;2001;https://boxd.it/97aUtj;;;;2023-08-12
2025-03-14;The Chronicles of Narnia: The Lion, the Witch and the Wardrobe;2005;https://boxd.it/97aUtt;;;;2023-08-12
2025-03-14;Home Alone;1990;https://boxd.it/97aUtD;;;;2023-08-12
2025-03-14;Fantastic Beasts: The Crimes of Grindelwald;2018;https://boxd.it/97aUtN;;;;2023-08-12
2025-03-14;Harry Potter and the Deathly Hallows: Part 1;2010;https://boxd.it/97aUtX;;;;2023-08-12
2025-03-14;Harry Potter and the Deathly Hallows: Part 2;2011;https://boxd.it/97aUu7;;;;2023-08-12
2025-03-14;Harry Potter and the Half-Blood Prince;2009;https://boxd.it/97aUur;;;;2023-08-12
2025-03-14;Harry Potter and the Order of the Phoenix;2007;https://boxd.it/97aUuL;;;;2023-08-12
2025-03-14;Harry Potter and the Chamber of Secrets;2002;https://boxd.it/97aUuV;;;;2023-08-12
2025-03-14;Harry Potter and the Prisoner of Azkaban;2004;https://boxd.it/97aUv5;;;;2023-08-12
2025-03-14;Harry Potter and the Goblet of Fire;2005;https://boxd.it/97aUvp;;;;2023-08-12
2025-03-14;Fantastic Beasts and Where to Find Them;2016;https://boxd.it/97aUvz;;;;2023-08-12
2025-03-14;A Dog's Will;2000;https://boxd.it/97aUvJ;;;;2023-08-12
2025-03-14;Elite Squad;2007;https://boxd.it/97aUvT;;;;2023-08-12
2025-03-14;Luca;2021;https://boxd.it/97aUw3;;;;2023-08-13
2025-03-14;Soul;2020;https://boxd.it/97aUwd;;;;2023-08-13
2025-03-14;Inside Out;2015;https://boxd.it/97aUwn;;;;2023-08-13
2025-03-14;Onward;2020;https://boxd.it/97aUwx;;;;2023-08-13
2025-03-14;Raya and the Last Dragon;2021;https://boxd.it/97aUwH;;;;2023-08-13
2025-03-14;Encanto;2021;https://boxd.it/97aUwR;;;;2023-08-13
2025-03-14;Coco;2017;https://boxd.it/97aUxF;;;;2023-08-13
2025-03-14;Up;2009;https://boxd.it/97aUxP;;;;2023-08-13
2025-03-14;WALLÂ·E;2008;https://boxd.it/97aUy9;;;;2023-08-13
2025-03-14;Ratatouille;2007;https://boxd.it/97aUyj;;;;2023-08-13
2025-03-14;Monsters, Inc.;2001;https://boxd.it/97aUyt;;;;2023-08-13
2025-03-14;Monsters University;2013;https://boxd.it/97aUyD;;;;2023-08-13
2025-03-14;Toy Story 2;1999;https://boxd.it/97aUyN;;;;2023-08-13
2025-03-14;Toy Story;1995;https://boxd.it/97aUyX;;;;2023-08-13
2025-03-14;Toy Story 3;2010;https://boxd.it/97aUz7;;;;2023-08-13
2025-03-14;Small Fry;2011;https://boxd.it/97aUzh;;;;2023-08-13
2025-03-14;Toy Story 4;2019;https://boxd.it/97aUzr;;;;2023-08-13
2025-03-14;Hawaiian Vacation;2011;https://boxd.it/97aUzB;;;;2023-08-13
2025-03-14;The Incredibles;2004;https://boxd.it/97aUzL;;;;2023-08-13
2025-03-14;Incredibles 2;2018;https://boxd.it/97aUzV;;;;2023-08-13
2025-03-14;Finding Nemo;2003;https://boxd.it/97aUAf;;;;2023-08-13
2025-03-14;Finding Dory;2016;https://boxd.it/97aUAp;;;;2023-08-13
2025-03-14;Moana;2016;https://boxd.it/97aUAJ;;;;2023-08-13
2025-03-14;Wreck-It Ralph;2012;https://boxd.it/97aUAT;;;;2023-08-13
2025-03-14;Big Hero 6;2014;https://boxd.it/97aUB3;;;;2023-08-13
2025-03-14;Cars;2006;https://boxd.it/97aUBn;;;;2023-08-13
2025-03-14;Despicable Me;2010;https://boxd.it/97aUBx;;;;2023-08-13
2025-03-14;American Beauty;1999;https://boxd.it/97aUBH;;;;2023-08-13
2025-03-14;Oppenheimer;2023;https://boxd.it/97aUBR;;;;2023-08-14
2025-03-14;Wild Tales;2014;https://boxd.it/97aUC1;;;;2023-08-17
2025-03-14;Spider-Man: Into the Spider-Verse;2018;https://boxd.it/97aUDN;;;;2023-08-18
2025-03-14;How to Train Your Dragon;2010;https://boxd.it/97aUE7;;;;2023-08-18
2025-03-14;How to Train Your Dragon 2;2014;https://boxd.it/97aUEh;;;;2023-08-18
2025-03-14;How to Train Your Dragon: The Hidden World;2019;https://boxd.it/97aUEr;;;;2023-08-18
2025-03-14;The Secret World of Arrietty;2010;https://boxd.it/97aUEB;;;;2023-08-18
2025-03-14;Spirited Away;2001;https://boxd.it/97aUEL;;;;2023-08-18
2025-03-14;Howl's Moving Castle;2004;https://boxd.it/97aUEV;;;;2023-08-18
2025-03-14;Ponyo;2008;https://boxd.it/97aUF5;;;;2023-08-18
2025-03-14;Kiki's Delivery Service;1989;https://boxd.it/97aUFf;;;;2023-08-18
2025-03-14;Castle in the Sky;1986;https://boxd.it/97aUFp;;;;2023-08-18
2025-03-14;Mood Indigo;2013;https://boxd.it/97aUFz;;;;2023-08-18
2025-03-14;AmÃ©lie;2001;https://boxd.it/97aUFJ;;;;2023-08-18
2025-03-14;Watchmen;2009;https://boxd.it/97aUFT;;;;2023-08-18
2025-03-14;300;2006;https://boxd.it/97aUG3;;;;2023-08-18
2025-03-14;District 9;2009;https://boxd.it/97aUGn;;;;2023-08-18
2025-03-14;I, Robot;2004;https://boxd.it/97aUGx;;;;2023-08-18
2025-03-14;Flushed Away;2006;https://boxd.it/97aUGH;;;;2023-08-18
2025-03-14;Over the Hedge;2006;https://boxd.it/97aUGR;;;;2023-08-18
2025-03-14;Chicken Run;2000;https://boxd.it/97aUH1;;;;2023-08-18
2025-03-14;Robots;2005;https://boxd.it/97aUHb;;;;2023-08-18
2025-03-14;Monsters vs Aliens;2009;https://boxd.it/97aUHl;;;;2023-08-18
2025-03-14;Surf's Up;2007;https://boxd.it/97aUHv;;;;2023-08-18
2025-03-14;Guardians of the Galaxy Vol. 3;2023;https://boxd.it/97aUHF;;;;2023-08-20
2025-03-14;Zootopia;2016;https://boxd.it/97aUHP;;;;2023-08-21
2025-03-14;Zootopia+;2022;https://boxd.it/97aUHZ;;;;2023-08-21
2025-03-14;Ralph Breaks the Internet;2018;https://boxd.it/97aUJh;;;;2023-08-21
2025-03-14;Logan;2017;https://boxd.it/97aUJr;;;;2023-08-21
2025-03-14;The Big Lebowski;1998;https://boxd.it/97aUJB;;;;2023-08-21
2025-03-14;Mad Max: Fury Road;2015;https://boxd.it/97aUJL;;;;2023-08-21
2025-03-14;Red Carpet;2005;https://boxd.it/97aUK5;;;;2023-08-21
2025-03-14;Carandiru;2003;https://boxd.it/97aUKf;;;;2023-08-21
2025-03-14;Two Sons of Francisco;2005;https://boxd.it/97aUKp;;;;2023-08-21
2025-03-14;If I Were You;2006;https://boxd.it/97aUKz;;;;2023-08-21
2025-03-14;My Mom Is a Character;2013;https://boxd.it/97aUKJ;;;;2023-08-21
2025-03-14;My Mom Is a Character 2;2016;https://boxd.it/97aUKT;;;;2023-08-21
2025-03-14;My Mom Is a Character 3;2019;https://boxd.it/97aUL3;;;;2023-08-21
2025-03-14;The Adam Project;2022;https://boxd.it/97aULd;;;;2023-08-21
2025-03-14;The Devil Wears Prada;2006;https://boxd.it/97aULn;;;;2023-08-21
2025-03-14;Ready Player One;2018;https://boxd.it/97aULx;;;;2023-08-21
2025-03-14;It;2017;https://boxd.it/97aULH;;;;2023-08-21
2025-03-14;Brokeback Mountain;2005;https://boxd.it/97aULR;;;;2023-08-21
2025-03-14;The Exorcism of Emily Rose;2005;https://boxd.it/97aUMb;;;;2023-08-23
2025-03-14;Paranormal Activity;2007;https://boxd.it/97aUMl;;;;2023-08-23
2025-03-14;The Woman King;2022;https://boxd.it/97aUMv;;;;2023-08-25
2025-03-14;Kingsman: The Secret Service;2014;https://boxd.it/97aUMF;;;;2023-08-26
2025-03-14;Kingsman: The Golden Circle;2017;https://boxd.it/97aUMP;;;;2023-08-26
2025-03-14;Elemental;2023;https://boxd.it/97aUMZ;;;;2023-09-24
2025-03-14;Get Out;2017;https://boxd.it/97aUNj;;;;2023-09-24
2025-03-14;After Earth;2013;https://boxd.it/97aUNt;;;;2023-09-29
2025-03-14;Men in Black 3;2012;https://boxd.it/97aUND;;;;2023-09-29
2025-03-14;Independence Day;1996;https://boxd.it/97aUNX;;;;2023-09-29
2025-03-14;Tropic Thunder;2008;https://boxd.it/97aUO7;;;;2023-09-29
2025-03-14;The Secret Life of Walter Mitty;2013;https://boxd.it/97aUOr;;;;2023-09-29
2025-03-14;The Fundamentals of Caring;2016;https://boxd.it/97aUOB;;;;2023-10-18
2025-03-14;I Care a Lot;2020;https://boxd.it/97aUOL;;;;2023-10-18
2025-03-14;Law Abiding Citizen;2009;https://boxd.it/97aUOV;;;;2023-10-18
2025-03-14;The Book of Eli;2010;https://boxd.it/97aUP5;;;;2023-10-18
2025-03-14;Puss in Boots: The Last Wish;2022;https://boxd.it/97aUPf;;;;2023-10-18
2025-03-14;Fear Street: 1994;2021;https://boxd.it/97aUPp;;;;2023-10-28
2025-03-14;Fear Street: 1978;2021;https://boxd.it/97aUPz;;;;2023-10-28
2025-03-14;Fear Street: 1666;2021;https://boxd.it/97aUPJ;;;;2023-10-28
2025-03-14;The Green Knight;2021;https://boxd.it/97aUPT;;;;2023-11-01
2025-03-14;The Power of the Dog;2021;https://boxd.it/97aUQ3;;;;2023-11-01
2025-03-14;Memoirs of a Geisha;2005;https://boxd.it/97aUQd;;;;2023-11-02
2025-03-14;The Guilty;2021;https://boxd.it/97aUQn;;;;2023-11-03
2025-03-14;The Big Short;2015;https://boxd.it/97aUQH;;;;2023-11-03
2025-03-14;Baby Driver;2017;https://boxd.it/97aUQR;;;;2023-11-14
2025-03-14;Saw;2004;https://boxd.it/97aUR1;;;;2023-11-17
2025-03-14;Saw II;2005;https://boxd.it/97aURb;;;;2023-11-20
2025-03-14;Saw III;2006;https://boxd.it/97aURl;;;;2023-11-23
2025-03-14;Saw IV;2007;https://boxd.it/97aURv;;;;2023-12-04
2025-03-14;RoboCop;2014;https://boxd.it/97aURF;;;;2023-12-06
2025-03-14;Hellboy;2019;https://boxd.it/97aURP;;;;2023-12-06
2025-03-14;Zodiac;2007;https://boxd.it/97aURZ;;;;2023-12-08
2025-03-14;The Shawshank Redemption;1994;https://boxd.it/97aUS9;;;;2023-12-08
2025-03-14;The Shining;1980;https://boxd.it/97aUSX;;;;2023-12-30
2024-01-05;The Shining;1980;https://boxd.it/5uAuwX;;;netflix;2024-01-01
2024-01-05;Barbie;2023;https://boxd.it/5uAzoJ;;;hbomax;2024-01-04
2025-03-14;Guns Akimbo;2019;https://boxd.it/97aUT7;;;;2024-02-04
2025-03-14;The Prestige;2006;https://boxd.it/97aUTh;;;;2024-02-05
2025-03-14;The Hunger Games: The Ballad of Songbirds & Snakes;2023;https://boxd.it/97aUTr;;;;2024-02-09
2025-03-14;American Sniper;2014;https://boxd.it/97aUTB;;;;2024-02-10
2025-03-14;Nobody;2021;https://boxd.it/97aUTL;;;;2024-02-12
2025-03-14;The Suicide Squad;2021;https://boxd.it/97aUTV;;;;2024-02-12
2025-03-14;Suicide Squad;2016;https://boxd.it/97aUU5;;;;2024-02-12
2025-03-14;Orion and the Dark;2024;https://boxd.it/97aUUf;;;;2024-02-14
2025-03-14;I, Tonya;2017;https://boxd.it/97aUUp;;;;2024-02-18
2024-02-29;The Boy and the Heron;2023;https://boxd.it/5W6ky7;;;cinema;2024-02-27
2025-03-14;The Boy and the Heron;2023;https://boxd.it/97aUUJ;;Yes;;2024-03-01
2024-03-26;Road House;2024;https://boxd.it/68iy6D;5;;netflix;2024-03-22
2024-03-26;The Shape of Water;2017;https://boxd.it/68iz8F;5;;disneyplus;2024-03-23
2025-03-14;Road House;2024;https://boxd.it/97aUUT;;Yes;;2024-03-24
2024-03-26;Nobody;2021;https://boxd.it/68j9CB;3;;;2024-03-25
2025-03-14;Once Upon a Time... in Hollywood;2019;https://boxd.it/97aUVn;;;;2024-04-15
2024-05-16;Brokeback Mountain;2005;https://boxd.it/6tLW4X;5;Yes;netflix;2024-05-14
2025-03-14;Disturbia;2007;https://boxd.it/97aUVx;;;;2024-05-27
2025-03-14;Duplex;2003;https://boxd.it/97aUVH;;;;2024-06-03
2025-03-14;They Cloned Tyrone;2023;https://boxd.it/97aUVR;;;;2024-06-10
2025-03-14;Pretty Woman;1990;https://boxd.it/97aUW1;;;;2024-06-13
2025-03-14;Always Be My Maybe;2019;https://boxd.it/97aUWb;;;;2024-06-24
2025-03-14;Neighbors;2014;https://boxd.it/97aUWl;;;;2024-07-07
2025-03-14;Neighbors 2: Sorority Rising;2016;https://boxd.it/97aUWF;;;;2024-07-07
2025-03-14;Small Soldiers;1998;https://boxd.it/97aUWP;;;;2024-07-13
2025-03-14;The Pianist;2002;https://boxd.it/97aUWZ;;;;2024-07-15
2025-03-14;Metal Lords;2022;https://boxd.it/97aUXj;;;;2024-07-17
2025-03-14;The Zone of Interest;2023;https://boxd.it/97aUXN;;;;2024-07-19
2025-03-14;Poor Things;2023;https://boxd.it/97aUXX;;;;2024-07-22
2025-03-14;Downsizing;2017;https://boxd.it/97aUY7;;;;2024-07-24
2025-03-14;The Lorax;2012;https://boxd.it/97aUYh;;;;2024-07-30
2025-03-14;An Honest Liar;2014;https://boxd.it/97aUYr;;;;2024-07-30
2025-03-14;You Don't Mess with the Zohan;2008;https://boxd.it/97aUYB;;Yes;;2024-07-30
2025-03-14;Okja;2017;https://boxd.it/97aUYL;;;;2024-07-30
2025-03-14;The Dyatlov Pass Incident;2013;https://boxd.it/97aUYV;;;;2024-07-30
2025-03-14;Bright;2017;https://boxd.it/97aUZ5;;;;2024-07-30
2025-03-14;The Breakfast Club;1985;https://boxd.it/97aUZf;;;;2024-07-30
2025-03-14;Life Is Beautiful;1997;https://boxd.it/97aUZp;;;;2024-07-30
2025-03-14;Just Like Heaven;2005;https://boxd.it/97aUZz;;;;2024-08-11
2025-03-14;Grave of the Fireflies;1988;https://boxd.it/97aUZJ;;;;2024-08-17
2025-03-14;Love & Other Drugs;2010;https://boxd.it/97aUZT;;;;2024-08-21
2025-03-14;Us;2019;https://boxd.it/97aV03;;;;2024-08-22
2025-03-14;Jackpot!;2024;https://boxd.it/97aV0d;;;;2024-08-27
2025-03-14;Dune: Part Two;2024;https://boxd.it/97aV0n;;;;2024-08-27
2025-03-14;What's Eating Gilbert Grape;1993;https://boxd.it/97aV0H;;;;2024-08-28
2025-03-14;Jojo Rabbit;2019;https://boxd.it/97aV0R;;;;2024-08-29
2025-03-14;The Sixth Sense;1999;https://boxd.it/97aV11;;;;2024-08-30
2025-03-14;The Others;2001;https://boxd.it/97aV1b;;;;2024-09-02
2025-03-14;Brothers;2009;https://boxd.it/97aV1l;;;;2024-09-03
2025-03-14;Se7en;1995;https://boxd.it/97aV1F;;;;2024-09-09
2025-03-14;The Goonies;1985;https://boxd.it/97aV1P;;;;2024-09-15
2025-03-14;The Fall Guy;2024;https://boxd.it/97aV29;;;;2024-09-15
2025-03-14;Saving Private Ryan;1998;https://boxd.it/97aV2j;;;;2024-09-18
2025-03-14;Temple Grandin;2010;https://boxd.it/97aV2t;;;;2024-09-24
2025-03-14;Inside Out 2;2024;https://boxd.it/97aV2D;;;;2024-09-28
2025-03-14;Fury;2014;https://boxd.it/97aV2N;;;;2024-10-03
2025-03-14;Green Book;2018;https://boxd.it/97aV2X;;;;2024-10-15
2025-03-14;I Love You Phillip Morris;2009;https://boxd.it/97aV37;;;;2024-10-20
2025-03-14;The Cable Guy;1996;https://boxd.it/97aV3h;;;;2024-10-29
2025-03-14;The Last Voyage of the Demeter;2023;https://boxd.it/97aV3r;;;;2024-11-02
2025-03-14;Interview with the Vampire;1994;https://boxd.it/97aV3B;;;;2024-11-04
2025-03-14;Lars and the Real Girl;2007;https://boxd.it/97aV3L;;;;2024-11-06
2025-03-14;Dracula Untold;2014;https://boxd.it/97aV3V;;;;2024-11-12
2025-03-14;The Iron Claw;2023;https://boxd.it/97aV45;;;;2024-11-16
2025-03-14;John Wick;2014;https://boxd.it/97aV4f;;;;2024-11-22
2025-03-14;John Wick: Chapter 2;2017;https://boxd.it/97aV4p;;;;2024-11-22
2025-03-14;John Wick: Chapter 3 â Parabellum;2019;https://boxd.it/97aV4z;;;;2024-11-22
2025-03-14;Strange World;2022;https://boxd.it/97aV4J;;;;2024-11-23
2025-03-14;Deadpool;2016;https://boxd.it/97aV4T;;;;2024-11-27
2025-03-14;Deadpool 2;2018;https://boxd.it/97aV53;;;;2024-11-27
2025-03-14;Deadpool & Wolverine;2024;https://boxd.it/97aV5d;;;;2024-11-27
2025-03-14;Parasite;2019;https://boxd.it/97aV5n;;;;2024-12-07
2025-03-14;X-Men;2000;https://boxd.it/97aV5x;;;;2024-12-10
2025-03-14;X2;2003;https://boxd.it/97aV5H;;;;2024-12-10
2025-03-14;X-Men: The Last Stand;2006;https://boxd.it/97aV61;;;;2024-12-10
2025-03-14;X-Men: First Class;2011;https://boxd.it/97aV6b;;;;2024-12-10
2025-03-14;X-Men: Days of Future Past;2014;https://boxd.it/97aV6l;;;;2024-12-10
2025-03-14;X-Men: Apocalypse;2016;https://boxd.it/97aV7D;;;;2024-12-10
2025-03-14;How the Grinch Stole Christmas;2000;https://boxd.it/97aV7N;;;;2024-12-10
2025-03-14;The Grinch;2018;https://boxd.it/97aV87;;;;2024-12-10
2025-03-14;The Whale;2022;https://boxd.it/97aV8r;;;;2025-01-31
2025-03-14;Nosferatu;2024;https://boxd.it/97aV8B;;;;2025-02-04
2025-03-14;The Motorcycle Diaries;2004;https://boxd.it/97aV8L;;;;2025-02-19
2025-03-14;Million Dollar Baby;2004;https://boxd.it/97aV8V;;;;2025-02-22
2025-03-14;I Am Mother;2019;https://boxd.it/97aV95;;;;2025-02-22
2025-03-14;Baptism of Blood;2007;https://boxd.it/97aV9f;5;;;2025-02-26
2025-03-14;Elite Squad: The Enemy Within;2010;https://boxd.it/97aV9p;;;;2025-02-26
2025-03-14;The Wild Robot;2024;https://boxd.it/97aV9z;5;;;2025-03-01
2025-03-14;Ticket to Paradise;2022;https://boxd.it/97aV9J;2;;;2025-03-01
2025-03-14;Martyrs;2008;https://boxd.it/97aVa3;1;;;2025-03-01
2025-03-14;Flow;2024;https://boxd.it/97aVad;3;;;2025-03-04
2025-03-14;Zoolander;2001;https://boxd.it/97aVan;2;;;2025-03-04
2025-03-14;Captain Fantastic;2016;https://boxd.it/97aVax;;;;2025-03-08
2025-03-14;The Autopsy of Jane Doe;2016;https://boxd.it/97aVaR;3;;;2025-03-10
2025-03-18;Surf's Up;2007;https://boxd.it/99Pwgv;5;Yes;;2025-03-16
2025-03-28;The Girl with the Dragon Tattoo;2011;https://boxd.it/9fzH3J;3;;;2025-03-28
2025-04-07;A Minecraft Movie;2025;https://boxd.it/9leCkn;1;;vi-no-cinema;2025-04-06
2025-04-14;Twilight;2008;https://boxd.it/9pdqFx;4;;;2025-04-12
2025-04-14;Just My Luck;2006;https://boxd.it/9pdCzh;;;;2025-04-14
2025-04-15;Adolescence;2025;https://boxd.it/9pLee3;5;;sÃ©rie, netflix;2025-04-14
2025-04-19;Luca;2021;https://boxd.it/9s0BfV;5;Yes;;2025-04-18
2025-05-05;Ready or Not;2019;https://boxd.it/9BK9g5;5;;;2025-05-04
2025-07-04;Jurassic World Rebirth;2025;https://boxd.it/acVaqF;3;;cinema, vi-no-cinema;2025-07-03
2025-07-31;Superman;2025;https://boxd.it/axR7od;5;;vi-no-cinema;2025-07-29
2025-08-13;Gran Torino;2008;https://boxd.it/aIdFR3;4;Yes;torrent;2025-07-30
2025-07-31;Civil War;2024;https://boxd.it/ayaHwv;4;;torrent;2025-07-31
2025-08-01;Mickey 17;2025;https://boxd.it/ayDMw9;4;;torrent;2025-07-31
2025-08-08;The Meyerowitz Stories (New and Selected);2017;https://boxd.it/aEk0FD;3;;torrent;2025-08-06
2025-08-08;Eternal Sunshine of the Spotless Mind;2004;https://boxd.it/aEnLbL;5;Yes;torrent;2025-08-08
2025-08-13;Jaws;1975;https://boxd.it/aIcATr;3;;torrent;2025-08-12
2025-08-13;The Grand Budapest Hotel;2014;https://boxd.it/aIiQW9;5;;torrent;2025-08-12
2025-08-13;Silver Linings Playbook;2012;https://boxd.it/aIniDR;5;;torrent;2025-08-13
2025-08-14;The Devil's Backbone;2001;https://boxd.it/aJ5dC3;5;;torrent;2025-08-14
2025-08-21;My Neighbor Totoro;1988;https://boxd.it/aO7BWZ;5;;torrent;2025-08-20
2025-08-22;Ferris Bueller's Day Off;1986;https://boxd.it/aORQNP;4;;torrent;2025-08-22
2025-08-24;Juno;2007;https://boxd.it/aQ0r1t;5;;primevideo;2025-08-23
2025-10-13;Anora;2024;https://boxd.it/bm7dTj;3.5;;primevideo;2025-10-13
2025-12-15;The Mist;2007;https://boxd.it/c3rqXP;2.5;;;2025-12-14
2025-12-16;Sound of Metal;2019;https://boxd.it/c4jJcL;5;;primevideo;2025-12-15
2025-12-17;Central Station;1998;https://boxd.it/c5deTL;5;;globoplay;2025-12-16
2026-01-07;The Nightmare Before Christmas;1993;https://boxd.it/cuM7MX;3;;disneyplus;2026-01-06
2026-01-07;Black Swan;2010;https://boxd.it/cuTyBL;5;;disneyplus;2026-01-07
2026-01-13;Saltburn;2023;https://boxd.it/cC1yZx;5;;primevideo;2026-01-13
2026-02-28;War of the Worlds;2005;https://boxd.it/dkzwAp;3;;torrent;2026-02-27
2026-02-28;Sinners;2025;https://boxd.it/dkHuP9;5;;torrent;2026-02-28
2026-03-07;Basic Sanitation, the Movie;2007;https://boxd.it/dqbXWt;5;;globoplay;2026-03-07
2026-03-07;Miracle in Cell No. 7;2019;https://boxd.it/dqcaHh;;;;2026-03-07
